{
  "global": {
    "files": "/src/**/*.*",
    "exclude": [],
    "skipGeneratedGatewayClasses": true,
    "skipGeneratedPersistentClasses": true,
    "skipGeneratedFunctionGroups": true
  },
  "dependencies": [
    {
      "url": "https://github.com/abaplint/deps",
      "folder": "/deps",
      "files": "/src/**/*.*"
    }
  ],
  "syntax": {
    "version": "v702",
    "errorNamespace": "^(Z|Y|LCL_|TY_|LIF_)",
    "globalConstants": [],
    "globalMacros": []
  },
  "rules": {
    "begin_end_names": true,
    "check_ddic": true,
    "check_include": true,
    "check_syntax": true,
    "global_class": true,
    "implement_methods": true,
    "keyword_case": true,
    "method_implemented_twice": true,
    "parser_error": true,
    "parser_missing_space": true,
    "superclass_final": true,
    "unknown_types": true,
    "unused_variables": true,
    "xml_consistency": true
  }
}
